Line Item,Description,Amount (LSL),Basis / Notes
Integration Fees,Configured Compliance Gateway solution — API documentation onboarding sandbox validation production deployment go-live support SLA and user training documentation,248934.78,One-time
Managed Compliance Service (Year 1),Full Motheo Compliance Layer deployment — fiscal transaction enablement device management real-time compliance processing RSL submission retry & recovery monitoring reporting support and regulatory updates,91500.00,Year 1 (included in total)
Year 1 Total,Integration fees plus Year 1 managed compliance service,391500.00,One-time (Year 1)
Year 2 onwards — Managed Compliance Service,Annual recurring managed compliance service — same scope as Year 1 managed service,91500.00,Per annum from Year 2

Assumptions,,
Currency,All amounts in LSL (Lesotho Loti) unless otherwise stated,
Reference,IBD Estimate EST-000278 dated 27 Aug 2026,
Volume baseline,~400 invoices per month (subject to confirmation with BWE),
Validity,190 business days from RFQ submission date,
